Uuid,Void/Retire,Name,Description,Parent,Tags,Tag,Attribute|8a845a89-6aa5-4111-81d3-0af31c45c002,Address 1,Address 2,Address 3,Address 4,Address 5,Address 6,City/Village,County/District,State/Province,Postal Code,Country,_order:1000,Tag|Admission Location,Tag|Transfer Location,Tag|Maternity Ward,Tag|Queue Location
25e86be8-fbe4-4dac-80e6-e925776982f6,,Kimilili Sasa Wellness Centre,Medical Clinic,,,,30550,,,,,Kimilili,Kimilili,,Bungoma,Bungoma,,Kenya,,,,,
4af9a78a-7400-46f9-b47c-f43ba8a5e2fc,,GK Prison Health Centre Rachuonyo North,Medical Clinic,,,,30176,,,,,North Karachuonyo,North Karachuonyo,,Homa Bay,Homa Bay,,Kenya,,,,,
be57e2d6-b42c-4fbc-883f-3b63d781d3c4,,CGTRH Mtongwe Outreach Centre,Medical Clinic,,,,28689,,,,,Mtongwe,Likoni,,Mombasa,Mombasa,,Kenya,,,,,
67e733b5-1741-4d24-a1ad-229f36fee86b,,Kirinyaga Treatment Centre Annex,Medical Clinic,,,,32224,,,,,Mutithi,Mutithi,,Kirinyaga,Kirinyaga,,Kenya,,,,,
801b33cc-029f-4a88-8bf7-c659d416d55e,,Hope Matters International DICE Bomet,Medical Clinic,,,,32442,,,,,Silibwet Township,Bomet Central,,Bomet,Bomet,,Kenya,,,,,
059fcee8-e61e-4949-a60e-de3911177c13,,Miritini Treatment and Rehabilitation Centre,Medical Clinic,,,,29098,,,,,Miritini,Jomvu,,Mombasa,Mombasa,,Kenya,,,,,
15217fa2-5aea-47c5-92d1-c9448dec9878,,Kisauni MAT Clinic,Medical Clinic,,,,28293,,,,,Frere Town,Nyali,,Mombasa,Mombasa,,Kenya,,,,,
20f01073-4be4-4281-9dd4-579ee0888b0b,,Metkei Community Dispensary,Medical Clinic,,,,28815,,,,,Metkei,Keiyo South ,,Elgeyo Marakwet,Elgeyo Marakwet,,Kenya,,,,,
62bdc766-ea02-40d1-b89d-5900021ff6ef,,CHIEKO MEDICAL CENTRE,Medical Clinic,,,,32018,,,,,Kasarani,Mwiki,,Nairobi,Nairobi,,Kenya,,,,,
6f0a3c32-c887-4742-8bd8-1d75f35d0595,,Health Option For Young Men,Medical Clinic,,,,29482,,,,,Kajiado North,Ongata Rongai,,Kajiado,Kajiado,,Kenya,,,,,
822597b9-b1ac-4e4c-ad54-806f32509dc6,,Ca Medlynks Kenya Limited,Medical Clinic,,,,30476,,,,,Woodley,Kibra,,Nairobi,Nairobi,,Kenya,,,,,
f6aae06a-69b1-46ca-a507-62f35cc4d4a2,,Bomu Hospital Bombolulu Medical Centre,Medical Clinic,,,,33426,,,,,Bombolulu,Nyali,,Mombasa,Mombasa,,Kenya,,,,,
d35f8a2b-a70f-48e9-bf95-4ef9d59e03f4,,Ginger Hospital,Medical Clinic,,,,30621,,,,,Mackinon Road,Samburu,,Kwale,Kwale,,Kenya,,,,,
8fafb72b-5d8a-11f0-bce8-00155d04a9b9,,Voi Prison VCT,Medical Clinic,,,,30464,,,,,Mbololo,Voi,,Taita Taveta,Taita Taveta,,Kenya,,,,,
6cd6b6d0-811e-45d1-ba21-92a85d7e0934,,God Agulu Health Centre,Medical Clinic,,,,28520,,,,,West Kasipul,Rachuonyo South,,Homa Bay,Homa Bay,,Kenya,,,,,
4f6ef0c1-7d4c-40cf-af01-3495f6d4a860,,MCH,Queue Location,,,,98939,,,,,,,,,,,Kenya,,,,,TRUE
f8c26408-c58d-4f9e-828d-947933017d4f,,OPD,Queue Location,,,,97969,,,,,,,,,,,Kenya,,,,,TRUE
97bdaceb-0788-40eb-8535-c061b8968399,,Antenatal Ward,Ward Location,,,,99969,,,,,,,,,,,Kenya,,TRUE,TRUE,TRUE,
687d6a98-2ca0-47df-a979-03812b52466f,,Labour Ward,Ward Location,,,,99869,,,,,,,,,,,Kenya,,TRUE,TRUE,TRUE,
2e9b22a0-9c04-4796-ada0-f408b13e6792,,Postnatal Ward,Ward Location,,,,99069,,,,,,,,,,,Kenya,,TRUE,TRUE,TRUE,
f24661e6-b7ae-4de0-99ad-6b709335326a,,Arombe Medical Center,Medical Clinic,,,,28500,,,,,Kanyadoto,Ndhiwa,,Homa Bay,Homa Bay,,Kenya,,,,,
c8de1999-0efa-4997-8ceb-39f54d8a6f58,,Kochieng Health Centre ,Health Centre,,,,21671,,,,,Kobura,Kadibo,,Kisumu,Kisumu,,Kenya,,,,,
8fb27bff-ccae-483c-b440-990823974b6e,,Lela Health Centre,Health Centre,,,,27415,,,,,Kobura,Kadibo,,Kisumu,Homa Bay,,Kenya,,,,,
57649a9e-caf4-42be-8ca6-0db70ab653eb,,Nyamware Health Centre,Health Centre,,,,27104,,,,,Kobura,Kadibo,,Kisumu,Kisumu,,Kenya,,,,,
a2176098-c7fe-4ea8-af82-ef44428ef1e6,,Okana Dispensary,Dispensary,,,,20666,,,,,Kobura,Kadibo,,Kisumu,Kisumu,,Kenya,,,,,
ab42eafd-7599-466a-9626-a6c362daaa18,,Komwaga Health Center,Health Center,,,,21310,,,,,Kabonyo Kanyagwal,Kadibo,,Kisumu,Kisumu,,Kenya,,,,,
a712c8e9-9ede-4076-af30-982735f5d4c5,,Ugwe Health Centre,Health Centre,,,,29904,,,,,Kabonyo/Kanyagwal,Kadibo,,Kisumu,Kisumu,,Kenya,,,,,
6719354c-2864-482e-81e1-cd8f4fa4bfdc,,Absalom Wangulu Dispensary,Dispensary,,,,20524,,,,,Kabonyo/Kanyagwal,Kadibo,,Kisumu,Kisumu,,Kenya,,,,,
57fe0996-95fb-40fa-a2c5-6871b308d9f5,,Kadhiambo dispensary ,Dispensary,,,,21657,,,,,Kabonyo/Kanyagwal,Kadibo,,Kisumu,Kisumu,,Kenya,,,,,
98006537-78ee-47d4-86c7-00c2a2392a6e,,Koduol Reru Dispensary,Dispensary,,,,20531,,,,,Kabonyo/Kanyagwal,Kadibo,,Kisumu,Kisumu,,Kenya,,,,,
5734c0c0-d4ec-4384-908d-fc2c49110986,,Kanyagwal Dispensary,Dispensary,,,,13654,,,,,Kabonyo/Kanyagwal,Kadibo,,Kisumu,Kisumu,,Kenya,,,,,
6073bbd7-7a9f-4035-9546-bf82b584c60b,,Beyond Zero Mobile Medical Clinic(Kisumu),Medical Clinic,,,,20965,,,,,Kondele,Kisumu Central,,Kisumu,Kisumu,,Kenya,,,,,
61b24d13-7905-4915-bd7e-9509f6b2898b,,Dunga GoK Dispensary,Dispensary,,,,22064,,,,,Nyalenda B,Kisumu Central,,Kisumu,Kisumu,,Kenya,,,,,
42799e6f-fe02-4e96-a659-cd2a5d153aba,,Kanyakwar Dispensary,Dispensary,,,,29554,,,,,Railways,Kisumu Central,,Kisumu,Kisumu,,Kenya,,,,,
e58c2348-b006-43de-937e-47fd847c7890,,St Lydia okore Dispensary ,Dispensary,,,,21706,,,,,Railways,Kisumu Central,,Kisumu,Kisumu,,Kenya,,,,,
02587a17-76e7-4590-95c9-9c76b6d0b19f,,Obunga dispensary,Dispensary,,,,29553,,,,,Railways,Kisumu Central,,Kisumu,Kisumu,,Kenya,,,,,
4be68163-1736-45dd-bcc7-b9994fd535bc,,Orongo Dispensary ,Dispensary,,,,21047,,,,,Kolwa East,Kisumu East,,Kisumu,Kisumu,,Kenya,,,,,
de8d4029-b9e6-428c-9f0d-06c8e316eff0,,Obino Dispensary,Dispensary,,,,29396,,,,, Kolwa East,Kisumu East,,Kisumu,Kisumu,,Kenya,,,,,
10da24c4-5be7-4457-88f8-eb82b67c2bbf,,Kotunga Dispensary ,Dispensary,,,,21899,,,,,Kajulu,Kisumu East,,Kisumu,Kisumu,,Kenya,,,,,
cd933a36-3a42-42a9-902e-aee424355a9b,,Ongadi Dispensary ,Dispensary,,,,29412,,,,,Kajulu,Kisumu East,,Kisumu,Kisumu,,Kenya,,,,,
71b52d2e-f371-4412-a890-c6e2297427d3,,Kuoyo Health Center,Health Center,,,,21705,,,,,Manyatta B ,Kisumu East,,Kisumu,Kisumu,,Kenya,,,,,
f546151b-d412-44a4-8757-8d05e8c08edf,,Aboge Health Centre,Health Centre,,,,23541,,,,,West Kisumu ,Kisumu West,,Kisumu,Kisumu,,Kenya,,,,,
f19185c3-d7a8-4f27-94da-cbbf1124f9dd,,Gombe Kokulo Health Centre,Health Centre,,,,25958,,,,,West Kisumu ,Kisumu West,,Kisumu,Kisumu,,Kenya,,,,,
5c9d6a1d-7062-4e54-ab4a-ad1c5cc2de16,,Lwala Kadawa Health Centre,Health Centre,,,,17174,,,,,West Kisumu ,Kisumu West,,Kisumu,Kisumu,,Kenya,,,,,
15bb2a61-2b81-4014-90fc-afad0383714a,,Barkorumba Health Centre,Health Centre,,,,25956,,,,, Kisumu North,Kisumu West,,Kisumu,Kisumu,,Kenya,,,,,
fd8a5e63-e6eb-4869-a546-4de9a2a8d9a2,,Dago Kokore Health Centre,Health Centre,,,,22806,,,,, Kisumu North,Kisumu West,,Kisumu,Kisumu,,Kenya,,,,,
f9c2a5d1-df72-4417-b255-d95c3085c17d,,Geta Health Centre,Health Centre,,,,25957,,,,, Kisumu North,Kisumu West,,Kisumu,Kisumu,,Kenya,,,,,
57bc6b0d-85f6-4476-b7bd-0ffbe800c2d3,,Dago Kotiende Dispensary ,Dispensary,,,,32490,,,,,North West Kisumu ,Kisumu West,,Kisumu,Kisumu,,Kenya,,,,,
9389e895-b67b-46a8-95a9-36254719a88e,,Nyitienge Health Centre,Health Centre,,,,29387,,,,,South West Kisumu ,Kisumu West,,Kisumu,Kisumu,,Kenya,,,,,
86188232-37db-4226-ba2a-f9b61d6fc6ed,,Paga Health Centre,Health Centre,,,,29385,,,,,South West Kisumu ,Kisumu West,,Kisumu,Kisumu,,Kenya,,,,,
90395c72-0175-4c9a-b41c-da30647e0654,,Rota Health Centre,Health Centre,,,,14060,,,,,South West Kisumu ,Kisumu West,,Kisumu,Kisumu,,Kenya,,,,,
b020a0c9-6956-4fb6-a02b-f45b57ead94f,,Ongalo Dispensary,Dispensary,,,,29365,,,,,South West Kisumu,Kisumu West,,Kisumu,Kisumu,,Kenya,,,,,
5c89c8de-4bef-4c97-beaf-84dcbc3cdd80,,Nyakoko Dispensary,Dispensary,,,,27219,,,,,Masogo/Nyang'oma ,Muhoroni,,Kisumu,Kisumu,,Kenya,,,,,
a9e915a9-5475-44a2-b5aa-ea9a34c71fef,,Jaber Dispensary,Dispensary,,,,20503,,,,,Muhoroni Koru,Muhoroni,,Kisumu,Kisumu,,Kenya,,,,,
782da05c-40bd-4249-bbe7-6da264341d66,,Nyangore Dispensary,Dispensary,,,,20501,,,,,Chemelil,Muhoroni,,Kisumu,Kisumu,,Kenya,,,,,
939937c5-3c83-43a1-b066-8247733ea2a3,,Yago Dispensary,Dispensary,,,,20334,,,,,Chemelil,Muhoroni,,Kisumu,Kisumu,,Kenya,,,,,
9e1d4140-25b9-43db-afd7-baa1bba91136,,Sangoro Dispensary,Dispensary,,,,22218,,,,,West Nyakach ,Nyakach,,Kisumu,Kisumu,,Kenya,,,,,
bbedbc32-dfac-4f90-b22d-a61b35752939,,Andingo Rongo,Dispensary,,,,27526,,,,,West Nyakach ,Nyakach,,Kisumu,Kisumu,,Kenya,,,,,
dedd9e0a-8d33-4186-802c-73f0cc6c4661,,Nyabola CDF Dispensary,Dispensary,,,,18865,,,,, Central Nyakach,Nyakach,,Kisumu,Kisumu,,Kenya,,,,,
54b5f8fe-b598-4dc4-97a1-9e8312f2d7e6,,Kodum Dispensary,Dispensary,,,,29886,,,,, Central Nyakach,Nyakach,,Kisumu,Kisumu,,Kenya,,,,,
4b18fca2-1966-4406-b82a-f78d8cee1f6e,,Lisana Dispensary,Dispensary,,,,23712,,,,,North Nyakach,Nyakach,,Kisumu,Kisumu,,Kenya,,,,,
f2d569b4-1eca-4b0b-b4f1-b2f35eab940c,,Cherwa Dispensary,Dispensary,,,,20240,,,,,North Nyakach,Nyakach,,Kisumu,Kisumu,,Kenya,,,,,
f76fefb9-d78a-4bac-9ea0-84499e309df2,,Rang'ul Dispensary,Dispensary,,,,21039,,,,,North Nyakach,Nyakach,,Kisumu,Kisumu,,Kenya,,,,,
91923a34-88ce-48ec-8b98-072cb338e3ad,,Gari Dispensary,Dispensary,,,,18866,,,,,South West Nyakach,Nyakach,,Kisumu,Kisumu,,Kenya,,,,,
08a42280-1fc0-4f0f-80d5-abb628ce6fca,,Michura Dispensary,Dispensary,,,,32718,,,,,South West Nyakach,Nyakach,,Kisumu,Kisumu,,Kenya,,,,,
a9184fdb-226a-4432-9087-932f0aa15b14,,Keyo Dispensary,Dispensary,,,,26428,,,,, South East Nyakach,Nyakach,,Kisumu,Kisumu,,Kenya,,,,,
cb71c727-a808-4cb4-b039-1e725d90dbae,,Ayweyo Health centre,Health centre,,,,27105,,,,,East Kano/Wawidhi,Nyando ,,Kisumu,Kisumu,,Kenya,,,,,
115aca11-f566-4c2d-b470-faf59fc5aa3f,,Oren Health Centre,Health Centre,,,,18800,,,,,Awasi/Onjiko,Nyando ,,Kisumu,Kisumu,,Kenya,,,,,
9a475af9-d177-4212-8392-60620865c88a,,Ayucha Health Centre,Health Centre,,,,26516,,,,,Awasi/Onjiko,Nyando ,,Kisumu,Kisumu,,Kenya,,,,,
a874d187-4a73-4d52-aea7-577eaa65d53f,,Koluoch Health Centre,Health Centre,,,,31980,,,,,Ahero,Nyando ,,Kisumu,Kisumu,,Kenya,,,,,
a3df4d0c-eff5-4493-afb7-e06cb9ae4428,,Nyadado Dispensary,Dispensary,,,,32019,,,,,East Seme,Seme,,Kisumu,Kisumu,,Kenya,,,,,
31296ca0-d9b7-4ba1-baf9-0e2b9ead1eb3,,Kandaria Dispensary,Dispensary,,,,,,,,,North Nyakach,Nyakach,,Kisumu,Kisumu,,Kenya,,,,,
8298af63-8a12-4751-be97-7cc78d8ad561,,Songoh Dispensary,Dispensary,,,,27221,,,,,Chemelil,Muhoroni,,Kisumu,Kisumu,,Kenya,,,,,
3d19471f-8e9f-4d58-a8c5-ef0f58f6fbdd,,Masaka Dispensary,Dispensary,,,,29762,,,,,Masogo/Nyang'oma,Muhoroni,,Kisumu,Kisumu,,Kenya,,,,,
261cc073-f43d-416b-8d3d-9b5d31bed260,,Milenye Dispensary,Dispensary,,,,20332,,,,,Masogo/Nyang'oma,Muhoroni,,Kisumu,Kisumu,,Kenya,,,,,
01201380-9846-4fc5-b660-af4a8777e1f5,,Nyakunguru Dispensary,Dispensary,,,,20500,,,,,Masogo/Nyang'oma,Muhoroni,,Kisumu,Kisumu,,Kenya,,,,,
a68f7d7c-a89c-4445-a7cc-9551f0e4048e,,Miranga Dispensary,Dispensary,,,,20907,,,,, Masogo/Nyang'oma ,Muhoroni,,Kisumu,Kisumu,,Kenya,,,,,
1aa5fd9d-fd49-416b-a05c-83a3691947aa,,Ramula Dispensary,Dispensary,,,,20331,,,,,Ombeyi,Muhoroni,,Kisumu,Kisumu,,Kenya,,,,,
f1415895-b0da-46e7-a44f-3222e18322bb,,Migere Dispensary,Dispensary,,,,21487,,,,, Masogo/Nyang'oma ,Muhoroni,,Kisumu,Kisumu,,Kenya,,,,,
622ac5ec-e796-47d2-bbfe-7b59c201d2ee,,Agok Dispensary,Dispensary,,,,28808,,,,,South Uyoma ,Rarieda,,Siaya,Siaya,,Kenya,,,,,
f326a0d6-7942-4976-9be9-7370e679be4e,,Bar Owengo Dispensary,Dispensary,,,,29056,,,,,West Ugenya ,Ugenya,,Siaya,Siaya,,Kenya,,,,,
33622ac0-e039-4734-bc69-9409ccc8625f,,Gangu Dispensary,Dispensary,,,,27336,,,,,West Alego ,Alego Usonga,,Siaya,Siaya,,Kenya,,,,,
6c6348ca-60ee-4fee-ad53-a35f6884c04e,,Inungo Dispensary,Dispensary,,,,27167,,,,,East Ugenya ,Ugenya,,Siaya,Siaya,,Kenya,,,,,
cfe692ed-ffca-405f-82ad-b76958b6b494,,Jar Dispensary,Dispensary,,,,30256,,,,,West Asembo ,Rarieda,,Siaya,Siaya,,Kenya,,,,,
cfa3fe9b-903e-42d8-b489-047a3d2a46bd,,Lur Dispensary,Dispensary,,,,29059,,,,,East Ugenya ,Ugenya,,Siaya,Siaya,,Kenya,,,,,
6abec92e-06df-4241-85c7-a43215d00609,,Lwero Dispensary,Dispensary,,,,29058,,,,,Ukwala ,Ugenya,,Siaya,Siaya,,Kenya,,,,,
2dcb08f2-4df6-4d70-b60a-7ac2f08928a4,,Mago Dispensary,Dispensary,,,,27933,,,,,Yimbo East ,Bondo,,Siaya,Siaya,,Kenya,,,,,
99730039-4b20-4338-b6d5-309efd632d7d,,Malunga Dispensary,Dispensary,,,,27797,,,,,West Gem ,Gem,,Siaya,Siaya,,Kenya,,,,,
ea459511-211e-4265-935d-4e402f3df8e9,,Masita Dispensary,Dispensary,,,,27947,,,,,West Sakwa ,Bondo,,Siaya,Siaya,,Kenya,,,,,
2b207ef3-97c7-42c3-8686-3b36494b6b32,,Matera Dispensary,Dispensary,,,,28807,,,,,North Uyoma ,Rarieda,,Siaya,Siaya,,Kenya,,,,,
50330d94-e34d-49db-b8ca-9f822a66f5e7,,Mbeka Health Centre,Health Centre,,,,21517,,,,,Central Sakwa ,Bondo,,Siaya,Siaya,,Kenya,,,,,
13e3cfe1-2ce7-473b-9115-98434c6bb84a,,Mdondo Dispensary,Dispensary,,,,29060,,,,,West Ugenya ,Ugenya,,Siaya,Siaya,,Kenya,,,,,
ad82082b-ff92-4869-a9af-f3a97a6431fb,,Minyiri Dispensary,Dispensary,,,,29776,,,,,Central Sakwa ,Bondo,,Siaya,Siaya,,Kenya,,,,,
98b6316a-5e64-4087-94ae-1b48fded193a,,Muhwayo Dispensary,Dispensary,,,,27422,,,,,Sigomere ,Ugunja,,Siaya,Siaya,,Kenya,,,,,
02b3adb7-71ff-4b74-9529-a09638bcaa60,,Ndwara Dispensary (Rarieda),Dispensary,,,,31522,,,,,West Asembo ,Rarieda,,Siaya,Siaya,,Kenya,,,,,
306f3e74-4db1-4c1e-b944-5d24124c5866,,Nyabeda Dispensary,Dispensary,,,,29326,,,,,North Gem ,Gem,,Siaya,Siaya,,Kenya,,,,,
46b13f76-601f-41b2-ab6e-62cefd6af1f8,,Nyalweny Dispensary,Dispensary,,,,29057,,,,,West Ugenya ,Ugenya,,Siaya,Siaya,,Kenya,,,,,
a4ce1fed-026c-49e5-972c-5256de313923,,Nyamboyo Dispensary,Dispensary,,,,27337,,,,,West Alego ,Alego Usonga,,Siaya,Siaya,,Kenya,,,,,
3bcd95d7-f98a-4186-a1dc-71b2e01b39e1,,Nyamsenda Dispensary,Dispensary,,,,27166,,,,,North Ugenya ,Ugenya,,Siaya,Siaya,,Kenya,,,,,
622f8713-528a-4874-a66a-48b46106a9ff,,Nyayiera Dispensary (Rarieda),Dispensary,,,,20038,,,,,East Asembo ,Rarieda,,Siaya,Siaya,,Kenya,,,,,
6448db10-9817-4b37-a2fe-63f55c9f2f4c,,Obambo Dispensary,Dispensary,,,,28894,,,,,Central Alego ,Alego Usonga,,Siaya,Siaya,,Kenya,,,,,
376e3c4d-3e4f-47cb-9cca-dca009f2a18f,,Orombe Dispensary,Dispensary,,,,29321,,,,,West Gem ,Gem,,Siaya,Siaya,,Kenya,,,,,
b2427681-0da7-4b87-99f4-699d5a6f95ce,,Sifu Dispensary,Dispensary,,,,31464,,,,,Central Sakwa ,Bondo,,Siaya,Siaya,,Kenya,,,,,
71fca2a4-a9d8-465b-ae85-00c8fe406064,,Tatro Dispensary,Dispensary,,,,27414,,,,,Yala Township ,Gem,,Siaya,Siaya,,Kenya,,,,,
3844afe0-ee07-41c2-85c9-91fc0bbc0849,,Udimba Dispensary,Dispensary,,,,29777,,,,,North Sakwa ,Bondo,,Siaya,Siaya,,Kenya,,,,,
ee7321fa-213e-4bc8-a4ed-6424593426b4,,Wadenya Dispensary,Dispensary,,,,27168,,,,,West Ugenya ,Ugenya,,Siaya,Siaya,,Kenya,,,,,
